[
  {
    "iso_code": "AF",
    "name": "Afghanistan",
    "phone_code": "93"
  },
  {
    "iso_code": "AX",
    "name": "Åland Islands",
    "phone_code": "358"
  },
  {
    "iso_code": "AL",
    "name": "Albania",
    "phone_code": "355"
  },
  {
    "iso_code": "DZ",
    "name": "Algeria",
    "phone_code": "213"
  },
  {
    "iso_code": "AS",
    "name": "American Samoa",
    "phone_code": "1684"
  },
  {
    "iso_code": "AD",
    "name": "Andorra",
    "phone_code": "376"
  },
  {
    "iso_code": "AO",
    "name": "Angola",
    "phone_code": "244"
  },
  {
    "iso_code": "AI",
    "name": "Anguilla",
    "phone_code": "1264"
  },
  {
    "iso_code": "AQ",
    "name": "Antarctica",
    "phone_code": "672"
  },
  {
    "iso_code": "AG",
    "name": "Antigua and Barbuda",
    "phone_code": "1268"
  },
  {
    "iso_code": "AR",
    "name": "Argentina",
    "phone_code": "54"
  },
  {
    "iso_code": "AM",
    "name": "Armenia",
    "phone_code": "374"
  },
  {
    "iso_code": "AW",
    "name": "Aruba",
    "phone_code": "297"
  },
  {
    "iso_code": "AU",
    "name": "Australia",
    "phone_code": "61"
  },
  {
    "iso_code": "AT",
    "name": "Austria",
    "phone_code": "43"
  },
  {
    "iso_code": "AZ",
    "name": "Azerbaijan",
    "phone_code": "994"
  },
  {
    "iso_code": "BS",
    "name": "Bahamas",
    "phone_code": "1242"
  },
  {
    "iso_code": "BH",
    "name": "Bahrain",
    "phone_code": "973"
  },
  {
    "iso_code": "BD",
    "name": "Bangladesh",
    "phone_code": "880"
  },
  {
    "iso_code": "BB",
    "name": "Barbados",
    "phone_code": "1246"
  },
  {
    "iso_code": "BY",
    "name": "Belarus",
    "phone_code": "375"
  },
  {
    "iso_code": "BE",
    "name": "Belgium",
    "phone_code": "32"
  },
  {
    "iso_code": "BZ",
    "name": "Belize",
    "phone_code": "501"
  },
  {
    "iso_code": "BJ",
    "name": "Benin",
    "phone_code": "229"
  },
  {
    "iso_code": "BM",
    "name": "Bermuda",
    "phone_code": "1441"
  },
  {
    "iso_code": "BT",
    "name": "Bhutan",
    "phone_code": "975"
  },
  {
    "iso_code": "BO",
    "name": "Bolivia (Plurinational State of)",
    "phone_code": "591"
  },
  {
    "iso_code": "BQ",
    "name": "Bonaire, Sint Eustatius and Saba",
    "phone_code": "5997"
  },
  {
    "iso_code": "BA",
    "name": "Bosnia and Herzegovina",
    "phone_code": "387"
  },
  {
    "iso_code": "BW",
    "name": "Botswana",
    "phone_code": "267"
  },
  {
    "iso_code": "BV",
    "name": "Bouvet Island",
    "phone_code": ""
  },
  {
    "iso_code": "BR",
    "name": "Brazil",
    "phone_code": "55"
  },
  {
    "iso_code": "IO",
    "name": "British Indian Ocean Territory",
    "phone_code": "246"
  },
  {
    "iso_code": "UM",
    "name": "United States Minor Outlying Islands",
    "phone_code": ""
  },
  {
    "iso_code": "VG",
    "name": "Virgin Islands (British)",
    "phone_code": "1284"
  },
  {
    "iso_code": "VI",
    "name": "Virgin Islands (U.S.)",
    "phone_code": "1 340"
  },
  {
    "iso_code": "BN",
    "name": "Brunei Darussalam",
    "phone_code": "673"
  },
  {
    "iso_code": "BG",
    "name": "Bulgaria",
    "phone_code": "359"
  },
  {
    "iso_code": "BF",
    "name": "Burkina Faso",
    "phone_code": "226"
  },
  {
    "iso_code": "BI",
    "name": "Burundi",
    "phone_code": "257"
  },
  {
    "iso_code": "KH",
    "name": "Cambodia",
    "phone_code": "855"
  },
  {
    "iso_code": "CM",
    "name": "Cameroon",
    "phone_code": "237"
  },
  {
    "iso_code": "CA",
    "name": "Canada",
    "phone_code": "1"
  },
  {
    "iso_code": "CV",
    "name": "Cabo Verde",
    "phone_code": "238"
  },
  {
    "iso_code": "KY",
    "name": "Cayman Islands",
    "phone_code": "1345"
  },
  {
    "iso_code": "CF",
    "name": "Central African Republic",
    "phone_code": "236"
  },
  {
    "iso_code": "TD",
    "name": "Chad",
    "phone_code": "235"
  },
  {
    "iso_code": "CL",
    "name": "Chile",
    "phone_code": "56"
  },
  {
    "iso_code": "CN",
    "name": "China",
    "phone_code": "86"
  },
  {
    "iso_code": "CX",
    "name": "Christmas Island",
    "phone_code": "61"
  },
  {
    "iso_code": "CC",
    "name": "Cocos (Keeling) Islands",
    "phone_code": "61"
  },
  {
    "iso_code": "CO",
    "name": "Colombia",
    "phone_code": "57"
  },
  {
    "iso_code": "KM",
    "name": "Comoros",
    "phone_code": "269"
  },
  {
    "iso_code": "CG",
    "name": "Congo",
    "phone_code": "242"
  },
  {
    "iso_code": "CD",
    "name": "Congo (Democratic Republic of the)",
    "phone_code": "243"
  },
  {
    "iso_code": "CK",
    "name": "Cook Islands",
    "phone_code": "682"
  },
  {
    "iso_code": "CR",
    "name": "Costa Rica",
    "phone_code": "506"
  },
  {
    "iso_code": "HR",
    "name": "Croatia",
    "phone_code": "385"
  },
  {
    "iso_code": "CU",
    "name": "Cuba",
    "phone_code": "53"
  },
  {
    "iso_code": "CW",
    "name": "Curaçao",
    "phone_code": "599"
  },
  {
    "iso_code": "CY",
    "name": "Cyprus",
    "phone_code": "357"
  },
  {
    "iso_code": "CZ",
    "name": "Czech Republic",
    "phone_code": "420"
  },
  {
    "iso_code": "DK",
    "name": "Denmark",
    "phone_code": "45"
  },
  {
    "iso_code": "DJ",
    "name": "Djibouti",
    "phone_code": "253"
  },
  {
    "iso_code": "DM",
    "name": "Dominica",
    "phone_code": "1767"
  },
  {
    "iso_code": "DO",
    "name": "Dominican Republic",
    "phone_code": "1809"
  },
  {
    "iso_code": "EC",
    "name": "Ecuador",
    "phone_code": "593"
  },
  {
    "iso_code": "EG",
    "name": "Egypt",
    "phone_code": "20"
  },
  {
    "iso_code": "SV",
    "name": "El Salvador",
    "phone_code": "503"
  },
  {
    "iso_code": "GQ",
    "name": "Equatorial Guinea",
    "phone_code": "240"
  },
  {
    "iso_code": "ER",
    "name": "Eritrea",
    "phone_code": "291"
  },
  {
    "iso_code": "EE",
    "name": "Estonia",
    "phone_code": "372"
  },
  {
    "iso_code": "ET",
    "name": "Ethiopia",
    "phone_code": "251"
  },
  {
    "iso_code": "FK",
    "name": "Falkland Islands (Malvinas)",
    "phone_code": "500"
  },
  {
    "iso_code": "FO",
    "name": "Faroe Islands",
    "phone_code": "298"
  },
  {
    "iso_code": "FJ",
    "name": "Fiji",
    "phone_code": "679"
  },
  {
    "iso_code": "FI",
    "name": "Finland",
    "phone_code": "358"
  },
  {
    "iso_code": "FR",
    "name": "France",
    "phone_code": "33"
  },
  {
    "iso_code": "GF",
    "name": "French Guiana",
    "phone_code": "594"
  },
  {
    "iso_code": "PF",
    "name": "French Polynesia",
    "phone_code": "689"
  },
  {
    "iso_code": "TF",
    "name": "French Southern Territories",
    "phone_code": ""
  },
  {
    "iso_code": "GA",
    "name": "Gabon",
    "phone_code": "241"
  },
  {
    "iso_code": "GM",
    "name": "Gambia",
    "phone_code": "220"
  },
  {
    "iso_code": "GE",
    "name": "Georgia",
    "phone_code": "995"
  },
  {
    "iso_code": "DE",
    "name": "Germany",
    "phone_code": "49"
  },
  {
    "iso_code": "GH",
    "name": "Ghana",
    "phone_code": "233"
  },
  {
    "iso_code": "GI",
    "name": "Gibraltar",
    "phone_code": "350"
  },
  {
    "iso_code": "GR",
    "name": "Greece",
    "phone_code": "30"
  },
  {
    "iso_code": "GL",
    "name": "Greenland",
    "phone_code": "299"
  },
  {
    "iso_code": "GD",
    "name": "Grenada",
    "phone_code": "1473"
  },
  {
    "iso_code": "GP",
    "name": "Guadeloupe",
    "phone_code": "590"
  },
  {
    "iso_code": "GU",
    "name": "Guam",
    "phone_code": "1671"
  },
  {
    "iso_code": "GT",
    "name": "Guatemala",
    "phone_code": "502"
  },
  {
    "iso_code": "GG",
    "name": "Guernsey",
    "phone_code": "44"
  },
  {
    "iso_code": "GN",
    "name": "Guinea",
    "phone_code": "224"
  },
  {
    "iso_code": "GW",
    "name": "Guinea-Bissau",
    "phone_code": "245"
  },
  {
    "iso_code": "GY",
    "name": "Guyana",
    "phone_code": "592"
  },
  {
    "iso_code": "HT",
    "name": "Haiti",
    "phone_code": "509"
  },
  {
    "iso_code": "HM",
    "name": "Heard Island and McDonald Islands",
    "phone_code": ""
  },
  {
    "iso_code": "VA",
    "name": "Holy See",
    "phone_code": "379"
  },
  {
    "iso_code": "HN",
    "name": "Honduras",
    "phone_code": "504"
  },
  {
    "iso_code": "HK",
    "name": "Hong Kong",
    "phone_code": "852"
  },
  {
    "iso_code": "HU",
    "name": "Hungary",
    "phone_code": "36"
  },
  {
    "iso_code": "IS",
    "name": "Iceland",
    "phone_code": "354"
  },
  {
    "iso_code": "IN",
    "name": "India",
    "phone_code": "91"
  },
  {
    "iso_code": "ID",
    "name": "Indonesia",
    "phone_code": "62"
  },
  {
    "iso_code": "CI",
    "name": "Côte d'Ivoire",
    "phone_code": "225"
  },
  {
    "iso_code": "IR",
    "name": "Iran (Islamic Republic of)",
    "phone_code": "98"
  },
  {
    "iso_code": "IQ",
    "name": "Iraq",
    "phone_code": "964"
  },
  {
    "iso_code": "IE",
    "name": "Ireland",
    "phone_code": "353"
  },
  {
    "iso_code": "IM",
    "name": "Isle of Man",
    "phone_code": "44"
  },
  {
    "iso_code": "IL",
    "name": "Israel",
    "phone_code": "972"
  },
  {
    "iso_code": "IT",
    "name": "Italy",
    "phone_code": "39"
  },
  {
    "iso_code": "JM",
    "name": "Jamaica",
    "phone_code": "1876"
  },
  {
    "iso_code": "JP",
    "name": "Japan",
    "phone_code": "81"
  },
  {
    "iso_code": "JE",
    "name": "Jersey",
    "phone_code": "44"
  },
  {
    "iso_code": "JO",
    "name": "Jordan",
    "phone_code": "962"
  },
  {
    "iso_code": "KZ",
    "name": "Kazakhstan",
    "phone_code": "76"
  },
  {
    "iso_code": "KE",
    "name": "Kenya",
    "phone_code": "254"
  },
  {
    "iso_code": "KI",
    "name": "Kiribati",
    "phone_code": "686"
  },
  {
    "iso_code": "KW",
    "name": "Kuwait",
    "phone_code": "965"
  },
  {
    "iso_code": "KG",
    "name": "Kyrgyzstan",
    "phone_code": "996"
  },
  {
    "iso_code": "LA",
    "name": "Lao People's Democratic Republic",
    "phone_code": "856"
  },
  {
    "iso_code": "LV",
    "name": "Latvia",
    "phone_code": "371"
  },
  {
    "iso_code": "LB",
    "name": "Lebanon",
    "phone_code": "961"
  },
  {
    "iso_code": "LS",
    "name": "Lesotho",
    "phone_code": "266"
  },
  {
    "iso_code": "LR",
    "name": "Liberia",
    "phone_code": "231"
  },
  {
    "iso_code": "LY",
    "name": "Libya",
    "phone_code": "218"
  },
  {
    "iso_code": "LI",
    "name": "Liechtenstein",
    "phone_code": "423"
  },
  {
    "iso_code": "LT",
    "name": "Lithuania",
    "phone_code": "370"
  },
  {
    "iso_code": "LU",
    "name": "Luxembourg",
    "phone_code": "352"
  },
  {
    "iso_code": "MO",
    "name": "Macao",
    "phone_code": "853"
  },
  {
    "iso_code": "MK",
    "name": "Macedonia (the former Yugoslav Republic of)",
    "phone_code": "389"
  },
  {
    "iso_code": "MG",
    "name": "Madagascar",
    "phone_code": "261"
  },
  {
    "iso_code": "MW",
    "name": "Malawi",
    "phone_code": "265"
  },
  {
    "iso_code": "MY",
    "name": "Malaysia",
    "phone_code": "60"
  },
  {
    "iso_code": "MV",
    "name": "Maldives",
    "phone_code": "960"
  },
  {
    "iso_code": "ML",
    "name": "Mali",
    "phone_code": "223"
  },
  {
    "iso_code": "MT",
    "name": "Malta",
    "phone_code": "356"
  },
  {
    "iso_code": "MH",
    "name": "Marshall Islands",
    "phone_code": "692"
  },
  {
    "iso_code": "MQ",
    "name": "Martinique",
    "phone_code": "596"
  },
  {
    "iso_code": "MR",
    "name": "Mauritania",
    "phone_code": "222"
  },
  {
    "iso_code": "MU",
    "name": "Mauritius",
    "phone_code": "230"
  },
  {
    "iso_code": "YT",
    "name": "Mayotte",
    "phone_code": "262"
  },
  {
    "iso_code": "MX",
    "name": "Mexico",
    "phone_code": "52"
  },
  {
    "iso_code": "FM",
    "name": "Micronesia (Federated States of)",
    "phone_code": "691"
  },
  {
    "iso_code": "MD",
    "name": "Moldova (Republic of)",
    "phone_code": "373"
  },
  {
    "iso_code": "MC",
    "name": "Monaco",
    "phone_code": "377"
  },
  {
    "iso_code": "MN",
    "name": "Mongolia",
    "phone_code": "976"
  },
  {
    "iso_code": "ME",
    "name": "Montenegro",
    "phone_code": "382"
  },
  {
    "iso_code": "MS",
    "name": "Montserrat",
    "phone_code": "1664"
  },
  {
    "iso_code": "MA",
    "name": "Morocco",
    "phone_code": "212"
  },
  {
    "iso_code": "MZ",
    "name": "Mozambique",
    "phone_code": "258"
  },
  {
    "iso_code": "MM",
    "name": "Myanmar",
    "phone_code": "95"
  },
  {
    "iso_code": "NA",
    "name": "Namibia",
    "phone_code": "264"
  },
  {
    "iso_code": "NR",
    "name": "Nauru",
    "phone_code": "674"
  },
  {
    "iso_code": "NP",
    "name": "Nepal",
    "phone_code": "977"
  },
  {
    "iso_code": "NL",
    "name": "Netherlands",
    "phone_code": "31"
  },
  {
    "iso_code": "NC",
    "name": "New Caledonia",
    "phone_code": "687"
  },
  {
    "iso_code": "NZ",
    "name": "New Zealand",
    "phone_code": "64"
  },
  {
    "iso_code": "NI",
    "name": "Nicaragua",
    "phone_code": "505"
  },
  {
    "iso_code": "NE",
    "name": "Niger",
    "phone_code": "227"
  },
  {
    "iso_code": "NG",
    "name": "Nigeria",
    "phone_code": "234"
  },
  {
    "iso_code": "NU",
    "name": "Niue",
    "phone_code": "683"
  },
  {
    "iso_code": "NF",
    "name": "Norfolk Island",
    "phone_code": "672"
  },
  {
    "iso_code": "KP",
    "name": "Korea (Democratic People's Republic of)",
    "phone_code": "850"
  },
  {
    "iso_code": "MP",
    "name": "Northern Mariana Islands",
    "phone_code": "1670"
  },
  {
    "iso_code": "NO",
    "name": "Norway",
    "phone_code": "47"
  },
  {
    "iso_code": "OM",
    "name": "Oman",
    "phone_code": "968"
  },
  {
    "iso_code": "PK",
    "name": "Pakistan",
    "phone_code": "92"
  },
  {
    "iso_code": "PW",
    "name": "Palau",
    "phone_code": "680"
  },
  {
    "iso_code": "PS",
    "name": "Palestine, State of",
    "phone_code": "970"
  },
  {
    "iso_code": "PA",
    "name": "Panama",
    "phone_code": "507"
  },
  {
    "iso_code": "PG",
    "name": "Papua New Guinea",
    "phone_code": "675"
  },
  {
    "iso_code": "PY",
    "name": "Paraguay",
    "phone_code": "595"
  },
  {
    "iso_code": "PE",
    "name": "Peru",
    "phone_code": "51"
  },
  {
    "iso_code": "PH",
    "name": "Philippines",
    "phone_code": "63"
  },
  {
    "iso_code": "PN",
    "name": "Pitcairn",
    "phone_code": "64"
  },
  {
    "iso_code": "PL",
    "name": "Poland",
    "phone_code": "48"
  },
  {
    "iso_code": "PT",
    "name": "Portugal",
    "phone_code": "351"
  },
  {
    "iso_code": "PR",
    "name": "Puerto Rico",
    "phone_code": "1787"
  },
  {
    "iso_code": "QA",
    "name": "Qatar",
    "phone_code": "974"
  },
  {
    "iso_code": "XK",
    "name": "Republic of Kosovo",
    "phone_code": "383"
  },
  {
    "iso_code": "RE",
    "name": "Réunion",
    "phone_code": "262"
  },
  {
    "iso_code": "RO",
    "name": "Romania",
    "phone_code": "40"
  },
  {
    "iso_code": "RU",
    "name": "Russian Federation",
    "phone_code": "7"
  },
  {
    "iso_code": "RW",
    "name": "Rwanda",
    "phone_code": "250"
  },
  {
    "iso_code": "BL",
    "name": "Saint Barthélemy",
    "phone_code": "590"
  },
  {
    "iso_code": "SH",
    "name": "Saint Helena, Ascension and Tristan da Cunha",
    "phone_code": "290"
  },
  {
    "iso_code": "KN",
    "name": "Saint Kitts and Nevis",
    "phone_code": "1869"
  },
  {
    "iso_code": "LC",
    "name": "Saint Lucia",
    "phone_code": "1758"
  },
  {
    "iso_code": "MF",
    "name": "Saint Martin (French part)",
    "phone_code": "590"
  },
  {
    "iso_code": "PM",
    "name": "Saint Pierre and Miquelon",
    "phone_code": "508"
  },
  {
    "iso_code": "VC",
    "name": "Saint Vincent and the Grenadines",
    "phone_code": "1784"
  },
  {
    "iso_code": "WS",
    "name": "Samoa",
    "phone_code": "685"
  },
  {
    "iso_code": "SM",
    "name": "San Marino",
    "phone_code": "378"
  },
  {
    "iso_code": "ST",
    "name": "Sao Tome and Principe",
    "phone_code": "239"
  },
  {
    "iso_code": "SA",
    "name": "Saudi Arabia",
    "phone_code": "966"
  },
  {
    "iso_code": "SN",
    "name": "Senegal",
    "phone_code": "221"
  },
  {
    "iso_code": "RS",
    "name": "Serbia",
    "phone_code": "381"
  },
  {
    "iso_code": "SC",
    "name": "Seychelles",
    "phone_code": "248"
  },
  {
    "iso_code": "SL",
    "name": "Sierra Leone",
    "phone_code": "232"
  },
  {
    "iso_code": "SG",
    "name": "Singapore",
    "phone_code": "65"
  },
  {
    "iso_code": "SX",
    "name": "Sint Maarten (Dutch part)",
    "phone_code": "1721"
  },
  {
    "iso_code": "SK",
    "name": "Slovakia",
    "phone_code": "421"
  },
  {
    "iso_code": "SI",
    "name": "Slovenia",
    "phone_code": "386"
  },
  {
    "iso_code": "SB",
    "name": "Solomon Islands",
    "phone_code": "677"
  },
  {
    "iso_code": "SO",
    "name": "Somalia",
    "phone_code": "252"
  },
  {
    "iso_code": "ZA",
    "name": "South Africa",
    "phone_code": "27"
  },
  {
    "iso_code": "GS",
    "name": "South Georgia and the South Sandwich Islands",
    "phone_code": "500"
  },
  {
    "iso_code": "KR",
    "name": "Korea (Republic of)",
    "phone_code": "82"
  },
  {
    "iso_code": "SS",
    "name": "South Sudan",
    "phone_code": "211"
  },
  {
    "iso_code": "ES",
    "name": "Spain",
    "phone_code": "34"
  },
  {
    "iso_code": "LK",
    "name": "Sri Lanka",
    "phone_code": "94"
  },
  {
    "iso_code": "SD",
    "name": "Sudan",
    "phone_code": "249"
  },
  {
    "iso_code": "SR",
    "name": "Suriname",
    "phone_code": "597"
  },
  {
    "iso_code": "SJ",
    "name": "Svalbard and Jan Mayen",
    "phone_code": "4779"
  },
  {
    "iso_code": "SZ",
    "name": "Swaziland",
    "phone_code": "268"
  },
  {
    "iso_code": "SE",
    "name": "Sweden",
    "phone_code": "46"
  },
  {
    "iso_code": "CH",
    "name": "Switzerland",
    "phone_code": "41"
  },
  {
    "iso_code": "SY",
    "name": "Syrian Arab Republic",
    "phone_code": "963"
  },
  {
    "iso_code": "TW",
    "name": "Taiwan",
    "phone_code": "886"
  },
  {
    "iso_code": "TJ",
    "name": "Tajikistan",
    "phone_code": "992"
  },
  {
    "iso_code": "TZ",
    "name": "Tanzania, United Republic of",
    "phone_code": "255"
  },
  {
    "iso_code": "TH",
    "name": "Thailand",
    "phone_code": "66"
  },
  {
    "iso_code": "TL",
    "name": "Timor-Leste",
    "phone_code": "670"
  },
  {
    "iso_code": "TG",
    "name": "Togo",
    "phone_code": "228"
  },
  {
    "iso_code": "TK",
    "name": "Tokelau",
    "phone_code": "690"
  },
  {
    "iso_code": "TO",
    "name": "Tonga",
    "phone_code": "676"
  },
  {
    "iso_code": "TT",
    "name": "Trinidad and Tobago",
    "phone_code": "1868"
  },
  {
    "iso_code": "TN",
    "name": "Tunisia",
    "phone_code": "216"
  },
  {
    "iso_code": "TR",
    "name": "Turkey",
    "phone_code": "90"
  },
  {
    "iso_code": "TM",
    "name": "Turkmenistan",
    "phone_code": "993"
  },
  {
    "iso_code": "TC",
    "name": "Turks and Caicos Islands",
    "phone_code": "1649"
  },
  {
    "iso_code": "TV",
    "name": "Tuvalu",
    "phone_code": "688"
  },
  {
    "iso_code": "UG",
    "name": "Uganda",
    "phone_code": "256"
  },
  {
    "iso_code": "UA",
    "name": "Ukraine",
    "phone_code": "380"
  },
  {
    "iso_code": "AE",
    "name": "United Arab Emirates",
    "phone_code": "971"
  },
  {
    "iso_code": "GB",
    "name": "United Kingdom of Great Britain and Northern Ireland",
    "phone_code": "44"
  },
  {
    "iso_code": "US",
    "name": "United States of America",
    "phone_code": "1"
  },
  {
    "iso_code": "UY",
    "name": "Uruguay",
    "phone_code": "598"
  },
  {
    "iso_code": "UZ",
    "name": "Uzbekistan",
    "phone_code": "998"
  },
  {
    "iso_code": "VU",
    "name": "Vanuatu",
    "phone_code": "678"
  },
  {
    "iso_code": "VE",
    "name": "Venezuela (Bolivarian Republic of)",
    "phone_code": "58"
  },
  {
    "iso_code": "VN",
    "name": "Viet Nam",
    "phone_code": "84"
  },
  {
    "iso_code": "WF",
    "name": "Wallis and Futuna",
    "phone_code": "681"
  },
  {
    "iso_code": "EH",
    "name": "Western Sahara",
    "phone_code": "212"
  },
  {
    "iso_code": "YE",
    "name": "Yemen",
    "phone_code": "967"
  },
  {
    "iso_code": "ZM",
    "name": "Zambia",
    "phone_code": "260"
  },
  {
    "iso_code": "ZW",
    "name": "Zimbabwe",
    "phone_code": "263"
  }
]